Title,Director,Genre,Release Date,Duration,Rating
Key entire popular.,Anthony Becker,Horror,1981-05-12,102,6.8
Gun husband reveal.,William Johnson,Documentary,2016-06-13,92,7.6
Crime cover.,Amy Le,Drama,1988-03-22,144,5.5
Challenge.,Andrea Martinez,Romance,2013-04-01,161,2.0
Close study.,Michael Rodgers,Fantasy,2012-10-18,177,3.7
Must customer.,Christina Jimenez,Romance,1997-12-22,144,5.2
Recent example benefit.,Megan Sims,Sci-Fi,1981-05-10,138,8.2
By product.,Samantha Anderson,Romance,2015-07-18,109,8.0
When drive not.,Margaret Murphy,Romance,1992-10-02,173,6.9
Phone garden.,Mandy Brooks,Thriller,2012-07-16,154,1.6
Heavy difficult husband.,Angela Olsen,Comedy,1983-10-30,102,5.6
Prove fine.,Megan Russell,Fantasy,1983-05-29,109,1.8
Interview realize catch less.,Edward Garcia,Drama,2004-12-26,105,1.7
Also article throw.,Cindy May,Horror,2005-03-22,70,4.8
Check study issue.,Todd Fisher,Comedy,1995-11-12,171,9.3
Safe group.,Melissa Dudley,Romance,2007-02-07,79,9.2
Story benefit.,Joseph Hughes,Horror,1993-01-28,177,4.0
Couple claim by.,Shannon Cervantes,Drama,1984-05-29,179,4.5
Behind large present.,Shawna Farrell,Romance,1994-08-09,134,4.7
Agreement indicate himself fall.,Justin Hogan,Comedy,2007-02-12,69,3.0
Listen lose great.,Jacob Taylor,Action,2008-05-02,106,5.4
A century half.,Jennifer Martin,Fantasy,1988-07-03,133,3.9
Score sound.,Miguel Vaughn,Documentary,2001-08-09,146,8.6
Piece.,Jacob Shannon,Documentary,1985-11-21,168,2.6
Together executive smile.,Susan Garza,Sci-Fi,1986-07-08,118,5.4
Example from nature.,David Walker,Horror,2015-06-12,106,2.0
Add large able.,Anna White,Documentary,2013-06-19,114,6.6
Decision.,Terry Montes,Horror,2018-02-10,152,5.1
Radio pick.,Joseph Miller,Horror,1984-05-29,136,3.0
Daughter thus.,Alexander Johnson,Fantasy,1997-06-26,68,3.4
Movement inside.,Erica Vargas,Horror,2016-02-19,178,9.0
Hour ago.,Kristin Avila,Romance,1993-03-14,166,8.3
Almost whom fill.,Megan Brown,Drama,2004-10-28,133,4.7
Former organization.,Laura Warren,Horror,2013-05-10,94,8.9
Beat bad.,Michelle Scott,Thriller,2007-09-05,143,8.0
Sense develop business leave.,Michael Baker,Thriller,2003-12-05,165,6.0
Great person.,Amy Morales,Adventure,2003-05-04,102,7.4
Street record home.,Victoria Smith,Thriller,1998-03-07,131,1.1
Cup young.,David Bell,Sci-Fi,1995-10-27,125,6.6